0.0.0.0, "IGMP"
10.113.145.135, "GLAZER"
10.113.145.137, "GLAZER"
10.113.145.138, "GLAZER"
10.113.145.140, "GLAZER"
10.113.145.142, "GLAZER"
10.113.145.143, "GLAZER"
10.113.145.144, "GLAZER"
10.113.145.147, "GLAZER"
10.113.145.149, "GLAZER"
10.113.145.159, "GLAZER"
10.113.145.161, "GLAZER"
10.113.145.166, "GLAZER"
10.113.145.168, "GLAZER"
10.113.145.197, "GLAZER"
10.113.145.2, "GLAZER"
10.113.145.20, "GLAZER"
10.113.145.201, "GLAZER"
10.113.145.202, "GLAZER"
10.113.145.21, "GLAZER"
10.113.145.23, "GLAZER"
10.113.145.26, "GLAZER"
10.113.145.27, "GLAZER"
10.113.145.29, "GLAZER"
10.113.145.30, "GLAZER"
10.113.145.31, "GLAZER"
10.113.145.33, "GLAZER"
10.113.145.34, "GLAZER"
10.113.145.36, "GLAZER"
10.113.145.50, "GLAZER"
10.113.145.57, "GLAZER"
10.113.145.62, "GLAZER"
10.113.145.63, "GLAZER"
10.113.145.64, "GLAZER"
10.113.145.68, "GLAZER"
10.113.145.69, "GLAZER"
10.113.145.70, "GLAZER"
10.113.145.71, "GLAZER"
10.113.145.74, "GLAZER"
10.113.145.75, "GLAZER"
10.113.145.80, "GLAZER"
10.113.145.81, "GLAZER"
10.113.145.82, "GLAZER"
10.113.145.83, "GLAZER"
10.113.145.84, "GLAZER"
10.113.145.85, "GLAZER"
10.113.145.87, "GLAZER"
10.113.145.88, "GLAZER"
10.113.145.90, "GLAZER"
10.113.145.91, "GLAZER"
10.113.145.92, "GLAZER"
10.113.145.93, "GLAZER"
10.113.145.94, "GLAZER"
10.113.145.96, "GLAZER"
