039b1ee.netsolhost.com,abuse.ch
03a6b7a.netsolhost.com,abuse.ch
03a6f57.netsolhost.com,abuse.ch
03bbec4.netsolhost.com,abuse.ch
0if1nl6.org,abuse.ch
0x.x.gg,abuse.ch
1st.technology,abuse.ch
54g35546-5g6hbggffhb.tk,abuse.ch
76tguy6hh6tgftrt7tg.su,abuse.ch
ahmedashid.com,abuse.ch
akdenizklima.com.tr,abuse.ch
aljazeera.kz,abuse.ch
allfortune777.biz,abuse.ch
analiticwebexperience.com,abuse.ch
andmarquez.com,abuse.ch
angryshippflyforok.su,abuse.ch
anlacviettravel.com.vn,abuse.ch
apple-trusted.com,abuse.ch
arcelikpendikservisi.gen.tr,abuse.ch
arvision.com.co,abuse.ch
ashoesheestono.eu,abuse.ch
atikcookies.co.id,abuse.ch
atmape.ru,abuse.ch
auto-fx.fr,abuse.ch
avast-mail-security.download,abuse.ch
axpoium.echange.su,abuse.ch
az-armaturen.su,abuse.ch
b.1s2.in.ua,abuse.ch
baliwag.xyz,abuse.ch
banana.dp.ua,abuse.ch
baoshlda.com,abuse.ch
bayswaternorthkindergarten.vic.edu.au,abuse.ch
bbwscimanuk.pdsda.net,abuse.ch
beatyhousesupporte.su,abuse.ch
bellinghambar.tk,abuse.ch
bestboy.top,abuse.ch
bestdove.in.ua,abuse.ch
bibrath.eu,abuse.ch
bin1.kns1.al,abuse.ch
bitters.su,abuse.ch
bl1nqz8yrf7tgdsq.tk,abuse.ch
blackhill.pp.ua,abuse.ch
blog.raw-recruits.com,abuse.ch
blogerjijer.pw,abuse.ch
bolerakopsoa.pw,abuse.ch
bots.configbinbots.info,abuse.ch
bppkbsulsel.com,abuse.ch
branchtist.com,abuse.ch
brausincsystem.pro,abuse.ch
bright.su,abuse.ch
brothersmt2.tk,abuse.ch
bsmax.fr,abuse.ch
burgerspendingbusiness.kz,abuse.ch
burrinsurance.com,abuse.ch
bytes.darktech.org,abuse.ch
canadianonlineagreementservices.kz,abuse.ch
capacitacion.inami.gob.mx,abuse.ch
casher777soft.pw,abuse.ch
cd31411.tmweb.ru,abuse.ch
chambercb.tk,abuse.ch
championbft.com,abuse.ch
chezhiyasweheropasl.su,abuse.ch
chhathpuja.com,abuse.ch
ciceidr.top,abuse.ch
cicero-dropbox.tk,abuse.ch
circleread-view.com.mocha2003.mochahost.com,abuse.ch
citricbenz.website,abuse.ch
classicalbitu.com,abuse.ch
codebacktowork2.tk,abuse.ch
compassenergyservices.com,abuse.ch
corbelsep.com,abuse.ch
corefwdgroup.tk,abuse.ch
cosmosdady.su,abuse.ch
counter-1.adscounter.com.ua,abuse.ch
cp53072.cloudhosting.lv,abuse.ch
cp53091.cloudhosting.lv,abuse.ch
crimunalbot001.ga,abuse.ch
cryptmyexe.pw,abuse.ch
cscomnsinc.tk,abuse.ch
cupomkinghost.com.br,abuse.ch
cy-m0ld.com,abuse.ch
cynthialemos1225.ddns.net,abuse.ch
daehoshipinc.tk,abuse.ch
danislenefc.info,abuse.ch
dasch.pl,abuse.ch
dattinggate.com,abuse.ch
dau43vt5wtrd.tk,abuse.ch
davewalshphoto.com,abuse.ch
dbimbem.axfree.com,abuse.ch
debservers.pw,abuse.ch
dejavu-now.tk,abuse.ch
delaponitan.pw,abuse.ch
depolakoeasre.pw,abuse.ch
dereksing.top,abuse.ch
deserado.tk,abuse.ch
developer.cdn.com.kz,abuse.ch
diagnosticdubai.com,abuse.ch
difusoragoiania.com.br,abuse.ch
diguing-store.net,abuse.ch
dileconme.hotmail.ru,abuse.ch
dino1.ddf.al,abuse.ch
diosdelared.com.mx,abuse.ch
dlauten.bplaced.net,abuse.ch
dolcezzashop.com,abuse.ch
domifondery.com,abuse.ch
domifondery3d.com,abuse.ch
dominoziele.pw,abuse.ch
domnicpeter.in.net,abuse.ch
donaldhoyes.tk,abuse.ch
doratopelase.pw,abuse.ch
dvantagecorp.com,abuse.ch
eavgwy5suy.tk,abuse.ch
elta-th.com,abuse.ch
emaillifecoaching.com.au,abuse.ch
enginbilgidenizi.com,abuse.ch
escuelanet.com,abuse.ch
everbless.biz,abuse.ch
evobank.co,abuse.ch
exata-contabil.com.br,abuse.ch
exploit0day.top,abuse.ch
extremesports.kz,abuse.ch
f8b2b9.su,abuse.ch
fadzulani.com,abuse.ch
fapet.ipb.ac.id,abuse.ch
felanco.heliohost.org,abuse.ch
felceconserve.com,abuse.ch
fileserver03.com,abuse.ch
finalcrashtest.co.nz,abuse.ch
finsolutions.top,abuse.ch
foxlimited.top,abuse.ch
foxmanwer.pw,abuse.ch
frank1.ddf.al,abuse.ch
franka.in.net,abuse.ch
fretiolo.com,abuse.ch
frevolore.com,abuse.ch
fx45.pp.ru,abuse.ch
ganhedwakar.tk,abuse.ch
gate.timstackleshop.es,abuse.ch
genteatsss.com,abuse.ch
go.everli-killz.xyz,abuse.ch
goodbytoname.com,abuse.ch
google.poultrymiddleeast.com,abuse.ch
googlepetkavanis4.pw,abuse.ch
gorainbowzone.tk,abuse.ch
gpdi-lippocikarang.com,abuse.ch
greaternoakhali.net.bd,abuse.ch
grupocava-mx.com,abuse.ch
grupojpdecarvalho.com.br,abuse.ch
gskpresident.tk,abuse.ch
gyodundena.hotmail.ru,abuse.ch
hanocomin.com,abuse.ch
hdfc.pp.ru,abuse.ch
heeraconnect.org.ru,abuse.ch
henex.net.ua,abuse.ch
hillalala.com,abuse.ch
holydoome.co.uk,abuse.ch
homedeco.com.bo,abuse.ch
honestme.com.ua,abuse.ch
hotelavalon.org,abuse.ch
hruner.com,abuse.ch
hui-ain-apparel.tk,abuse.ch
hyperbolic.tk,abuse.ch
ice.andromed.in.ua,abuse.ch
ice.ip64.net,abuse.ch
ieqpiracicaba.com.br,abuse.ch
igor32.herbalbrasil.com.br,abuse.ch
ijoe.xyz,abuse.ch
illinoisnets.net,abuse.ch
iltempo.com.au,abuse.ch
imamnhearte.hotmail.ru,abuse.ch
indianshippingservices.com,abuse.ch
indongsang.com,abuse.ch
ingenicopads.kz,abuse.ch
instinctentertainment.ca,abuse.ch
interlogistics.com.vn,abuse.ch
islenpiding.hotmail.ru,abuse.ch
j0k3rj0k3r.tk,abuse.ch
jaaphram.com,abuse.ch
jacoblanderville.myjino.ru,abuse.ch
jangasm.org,abuse.ch
japanparts.pw,abuse.ch
jayboyd.t15.org,abuse.ch
jayconius.com,abuse.ch
jazmany.cu.ma,abuse.ch
jgworldupd.com,abuse.ch
joejdbjrmrkklfnmf.usr.me,abuse.ch
joepussy.tk,abuse.ch
johnluis33.tk,abuse.ch
jomo.in.ua,abuse.ch
joyclasses.eu,abuse.ch
juanadearco.com.uy,abuse.ch
jump1ng.net,abuse.ch
junllian.net,abuse.ch
junniper.mcdir.ru,abuse.ch
jutebags.tk,abuse.ch
jutrack.dp.ua,abuse.ch
karma-bodrum.com,abuse.ch
katagi-weblogs.lolipop.jp,abuse.ch
kaydayeuti.axfree.com,abuse.ch
kesikelyaf.com,abuse.ch
kntksales.tk,abuse.ch
kraonkelaere.com,abuse.ch
krestenbv.nl,abuse.ch
kroatien-urlaub.com.hr,abuse.ch
kudrnwosas.faith,abuse.ch
kw34h-lithi-owo.tk,abuse.ch
land-create.com,abuse.ch
learninginstitute.co.uk,abuse.ch
leo94dhgfyw-df87fb.tk,abuse.ch
leon10.5gbfree.com,abuse.ch
lifeisgoodwhenu2.info,abuse.ch
lifestyles.pp.ru,abuse.ch
links.heliohost.org,abuse.ch
lion.web2.0campus.net,abuse.ch
littwronthath.net,abuse.ch
liveresellerweb.eu,abuse.ch
livinglounges.su,abuse.ch
luenhinpearl.com,abuse.ch
lzediamike.trade,abuse.ch
machine.cu.ma,abuse.ch
mailslots.top,abuse.ch
malditochef.cl,abuse.ch
maminoleinc.tk,abuse.ch
man-street.tk,abuse.ch
mapsresearch.ca,abuse.ch
marciaguthke.com,abuse.ch
matt001.tk,abuse.ch
megastats.top,abuse.ch
metalexvietnamreed.tk,abuse.ch
micheal766.info,abuse.ch
mm266.bplaced.com,abuse.ch
molowo.in.ua,abuse.ch
movieofgoodies.kz,abuse.ch
moviepaidinfullsexy.kz,abuse.ch
muazymaur.tk,abuse.ch
mxstat230.com,abuse.ch
mycraft.com.br,abuse.ch
myfcb.tk,abuse.ch
mygoodness.in.ua,abuse.ch
mymytonnymaxltd.org,abuse.ch
naaninggeschcho.hotmail.ru,abuse.ch
naijabids.co.uk,abuse.ch
nancycemt1225.ddns.net,abuse.ch
nasscomminc.tk,abuse.ch
natlalirans.hotmail.ru,abuse.ch
neevavantgarde.com,abuse.ch
neorandom.dothome.co.kr,abuse.ch
newversionpdun.in.net,abuse.ch
nickysimon68.tk,abuse.ch
nonstopeddanceraz.su,abuse.ch
noonepa.tk,abuse.ch
ns416017.ip-37-187-144.eu,abuse.ch
ns511849.ip-192-99-19.net,abuse.ch
ns513726.ip-192-99-148.net,abuse.ch
nsdic.pp.ru,abuse.ch
obyno.xyz,abuse.ch
ozowarac.com,abuse.ch
p-alpha.ooo.al,abuse.ch
panel.vargakragard.se,abuse.ch
pedropedreiromoxik.su,abuse.ch
petroyeda.com,abuse.ch
pfengineering.com,abuse.ch
pharirgatic.hotmail.ru,abuse.ch
pharmaspan.com,abuse.ch
phimsex4u.biz,abuse.ch
platinum-casino.ru,abuse.ch
poolkingsthailand.com,abuse.ch
porschecosv.com,abuse.ch
portal.100am100.kz,abuse.ch
preapprovedloansoffline.kz,abuse.ch
preapprovedloansonline.kz,abuse.ch
presleywebs.uk.pn,abuse.ch
prk.firstconf.3gb.biz,abuse.ch
programtotalatoma.esy.es,abuse.ch
projects.globaltronics.net,abuse.ch
prtscrentercn.info,abuse.ch
prtscrinsertcn.net,abuse.ch
qbhcsope.com,abuse.ch
rarabarnfi.hotmail.ru,abuse.ch
regame.su,abuse.ch
registerdrivegoogle.sytes.net,abuse.ch
regsways.top,abuse.ch
reimbergit.com.br,abuse.ch
renasup-nord-de-france.fr,abuse.ch
reserve.jumpingcrab.com,abuse.ch
resr.configure.8c1.net,abuse.ch
rexafajay.axfree.com,abuse.ch
rfvn.vn,abuse.ch
rhwndkf45.codns.com,abuse.ch
ricasad.sx,abuse.ch
rohininair.com,abuse.ch
rsslessons.su,abuse.ch
ryuitaqw.pw,abuse.ch
s1.eyeonmusica.it,abuse.ch
sameetc.tk,abuse.ch
samoniklo.pw,abuse.ch
sandokan66.no-ip.info,abuse.ch
sanyai-love.rmu.ac.th,abuse.ch
sdhfjksdhfjksdh.biz.ua,abuse.ch
sdspropro.co.ua,abuse.ch
secufast.bplaced.net,abuse.ch
secure.lynxbowlingservices.com,abuse.ch
securetalk.cwsurf.de,abuse.ch
securetestingnetwotk.com,abuse.ch
server.bovine-mena.com,abuse.ch
serverjainpangwang.pw,abuse.ch
serversss.biz,abuse.ch
servmill.com,abuse.ch
sface549.tk,abuse.ch
shadowraze.pw,abuse.ch
shaktitextileengr.com,abuse.ch
slivoratikam.pw,abuse.ch
slot.sub-zero.it,abuse.ch
smartfoodsglutenfree.kz,abuse.ch
solubaba.tk,abuse.ch
spartanr.5gbfree.com,abuse.ch
speroni.pw,abuse.ch
spotmarka.ap0x.com,abuse.ch
ssl.sinergycosmetics.com,abuse.ch
sslsam.com,abuse.ch
stats.lead.mysitehosted.com,abuse.ch
storroliko.club,abuse.ch
sub.beirinckx.be,abuse.ch
suryapolix.club,abuse.ch
sus.nieuwmoer.info,abuse.ch
sv1.eyeonmusica.it,abuse.ch
svitor.hostev.net,abuse.ch
systemhelpr.com,abuse.ch
systemscfg.olympe.in,abuse.ch
teachgalaxys.website,abuse.ch
tech-dan.xyz,abuse.ch
techakym.pw,abuse.ch
techemeka.work,abuse.ch
techmag.space,abuse.ch
techmaha.pw,abuse.ch
teeth.co.jp,abuse.ch
tekadrian.pro,abuse.ch
tekadrian.xyz,abuse.ch
tekcharles.xyz,abuse.ch
tekchuks.xyz,abuse.ch
tekjoe.space,abuse.ch
teksoft.pro,abuse.ch
telefonfiyatlari.org,abuse.ch
tesab.org.uk,abuse.ch
thegreenwayup.com,abuse.ch
thewindsorclinic.co.uk,abuse.ch
thoitrangaodacaocap.com,abuse.ch
toolsathomes.com,abuse.ch
tradecharm.lt,abuse.ch
traptrillhosts.top,abuse.ch
tronuprising.heliohost.org,abuse.ch
trust-s-b.com,abuse.ch
tt.onmypc.org,abuse.ch
turkeyhotelnoslafas.su,abuse.ch
u0003321.cp.regruhosting.ru,abuse.ch
u8781a21.pw,abuse.ch
ugwebz.uk.pn,abuse.ch
ukabenerji.com,abuse.ch
update.odeen.eu,abuse.ch
update.rifugiopontese.it,abuse.ch
update.saintfrancoisath.be,abuse.ch
update.timstackleshop.es,abuse.ch
updateacces.org,abuse.ch
updating-flash.cloudapp.net,abuse.ch
uptight.su,abuse.ch
valdmir.noriysha.ru,abuse.ch
valntooglesakrundigk.pw,abuse.ch
vankapetkavanis4.pw,abuse.ch
vashadvokat.in.ua,abuse.ch
vassabgg.pw,abuse.ch
vegantravelshow.com,abuse.ch
villaggiodiitaici.com.br,abuse.ch
vinking.top,abuse.ch
visit2013.in.ua,abuse.ch
vlc-group.com,abuse.ch
vodahelp.sytes.net,abuse.ch
vuanongsan.vn,abuse.ch
warriorinjapan.hostjava.net,abuse.ch
wasabi.mine.nu,abuse.ch
waserazer.pw,abuse.ch
wayufilm.com,abuse.ch
webspace.ph,abuse.ch
webtahmin.com,abuse.ch
weporsche.com,abuse.ch
winhelptech.xyz,abuse.ch
wor6.b6dfnahea.ns2.name,abuse.ch
wvin.su,abuse.ch
www.02level.tk,abuse.ch
www.9mode-clothing-manufacturer.com,abuse.ch
www.anothersideofpeace.org,abuse.ch
www.antibasic.ga,abuse.ch
www.basecinco.com.ar,abuse.ch
www.bilbobaggins.comxa.com,abuse.ch
www.bugzyincs.com,abuse.ch
www.cankardeslerklima.com,abuse.ch
www.connet.net.mx,abuse.ch
www.cpro.moscow,abuse.ch
www.demexsoft.com,abuse.ch
www.dialogosdospovos.org,abuse.ch
www.dracotec.org,abuse.ch
www.florin-skincare.com,abuse.ch
www.giorgio-houses.biz,abuse.ch
www.gracefalcao.com,abuse.ch
www.impm.upel.edu.ve,abuse.ch
www.ipm.upel.edu.ve,abuse.ch
www.jobdeliver.tk,abuse.ch
www.jung201.tk,abuse.ch
www.kelinac.com,abuse.ch
www.mauritaniecoeur.org,abuse.ch
www.mergmar.com,abuse.ch
www.mikewine.tk,abuse.ch
www.mwebdesign.asia,abuse.ch
www.nikey.cn,abuse.ch
www.ohimmades.pw,abuse.ch
www.orquestanacaona.cult.cu,abuse.ch
www.osregio.de,abuse.ch
www.perilshed.info,abuse.ch
www.personxing.in.net,abuse.ch
www.proacti.com.br,abuse.ch
www.prologs-consultants.com,abuse.ch
www.querummi.at,abuse.ch
www.rimmugygur.is,abuse.ch
www.riverwalktrader.co.za,abuse.ch
www.sdspropro.co.ua,abuse.ch
www.slapintins.publicvm.com,abuse.ch
www.sunbrehden.top,abuse.ch
www.tatirivoire.com.br,abuse.ch
www.tekyalhaja.xyz,abuse.ch
www.teleeye.com.ph,abuse.ch
www.webos.in,abuse.ch
www.wecontrol-com.tk,abuse.ch
www.weingut-maurer.com,abuse.ch
www.wellness.co.rs,abuse.ch
www.witkey.com,abuse.ch
xbsezlmaha.loan,abuse.ch
xclones.in.net,abuse.ch
xpipemotoring.top,abuse.ch
ya-aaaa123123.myjino.ru,abuse.ch
yahoo-action.com,abuse.ch
yamleg.fu8.com,abuse.ch
z0bu.dynu.com,abuse.ch
z3us1.z-ed.info,abuse.ch
zabava-bel.ru,abuse.ch
zetes.vdsinside.com,abuse.ch
zhyravlik.ru,abuse.ch
zs.technogatti.com,abuse.ch
